id,RIL_1,RIL_103,RIL_104,RIL_113,RIL_115,RIL_12,RIL_123,RIL_124,RIL_131,RIL_136,RIL_143,RIL_146,RIL_147,RIL_15,RIL_150,RIL_154,RIL_155,RIL_16,RIL_164,RIL_166,RIL_171,RIL_174,RIL_175,RIL_176,RIL_182,RIL_183,RIL_184,RIL_187,RIL_190,RIL_193,RIL_198,RIL_199,RIL_2,RIL_201,RIL_204,RIL_205,RIL_206,RIL_207,RIL_208,RIL_21,RIL_211,RIL_212,RIL_213,RIL_215,RIL_222,RIL_223,RIL_225,RIL_228,RIL_229,RIL_23,RIL_232,RIL_235,RIL_240,RIL_242,RIL_243,RIL_248,RIL_25,RIL_250,RIL_251,RIL_253,RIL_255,RIL_256,RIL_259,RIL_264,RIL_265,RIL_267,RIL_268,RIL_270,RIL_277,RIL_281,RIL_282,RIL_284,RIL_285,RIL_288,RIL_289,RIL_290,RIL_294,RIL_30,RIL_300,RIL_301,RIL_303,RIL_308,RIL_31,RIL_318,RIL_325,RIL_329,RIL_332,RIL_337,RIL_339,RIL_340,RIL_341,RIL_344,RIL_346,RIL_347,RIL_353,RIL_354,RIL_355,RIL_357,RIL_359,RIL_36,RIL_360,RIL_363,RIL_373,RIL_376,RIL_380,RIL_39,RIL_42,RIL_46,RIL_53,RIL_60,RIL_63,RIL_65,RIL_66,RIL_69,RIL_7,RIL_70,RIL_73,RIL_76,RIL_80,RIL_89,RIL_9,RIL_93
UN_MEbrown,0.0216587968961423,0.0551572239057204,-0.0833886599174896,0.0689183093373158,-0.0861545916968949,-0.0202571381282138,0.227354303482217,-0.0446751156159898,0.105473224657109,-0.0453267740585334,-0.0806656236932649,0.00626003230829722,-0.0361243331929704,-0.0735363547427083,-0.0414390438228991,-0.0694489008890016,-0.0900525152932495,-0.0569532996428746,0.100789668011633,-0.0566380231953638,-0.054627513953284,-0.00899249278108733,-0.0462534284610495,-0.0508090656852314,-0.0454596511657699,-0.0908028506552587,-0.00412781838552256,-0.00187861647296496,-0.0275821935254462,0.00622162948562614,-2.93557657091888e-4,-0.0350435538839618,-0.0309300650711568,0.145547368235223,0.0666608682965382,-0.0126762975489205,-0.0205965629723874,-0.0521345468444284,0.0567229383488662,-0.076364179390219,-0.0413969765877309,-0.0385888973294439,-0.0730221574376231,-0.0418817368652531,-0.0918563739984643,-0.0146639169431642,0.0792508886626488,-0.0377647407909471,-0.0380808670555916,0.416364167516308,-0.0957097121907931,0.392795674659584,-0.0491149044869819,-0.0517113850079802,-0.029213677233248,-0.0268698005440389,-0.041815048975018,-0.00460713603680878,-0.0666958655651312,0.040684948738956,0.00102184330324107,0.0977691967408485,0.0539689713308099,0.0189408342092159,0.122621498312302,-0.0174535709261689,-0.00161162314989252,-0.0516011246136102,-0.0709577093903941,-0.0680849887382429,0.00731942493769939,-0.02003934569532,0.0820125390101744,-0.053273300349606,-0.0938954906657085,-0.0190065474678296,-0.0152541938308513,-0.0366348205858294,-0.0443079189908739,0.0408887512935886,0.0691285850619778,-0.0427082539769233,0.100378670946727,0.151282369461485,-0.0512632785598545,-0.0432295920474387,0.0187420654013094,0.0169136937492001,0.113229561274644,0.00571593180707753,2.73112233708665e-4,-0.056471537961837,0.0459431882192692,-0.0717413098837925,0.0266562911316174,-0.0520572336118943,-0.0357116569497487,-0.0844303722405591,0.0577990947041147,0.128904146573368,-0.0206344705371553,-0.0295252879644647,3.13723916307769e-4,0.027927720543118,0.0281143540377586,-0.0941705098412755,-0.0360326209022567,0.0294260296007576,-0.0233587265562111,-0.0805033516514494,-0.0640014982604796,0.0331472853257169,-0.0425506101849093,-0.0914913376674577,-0.00646234669405271,0.0245613816914732,0.191239820893593,-0.0591616449377766,-0.0582926598159987,-0.060578586741191,-0.0229614788447605,0.421584837373981
UN_MEturquoise,0.0506001724050926,0.156436106524558,-0.178318269143529,0.101120301406529,-0.181868076873042,-0.0185969175096223,0.10162256586225,0.0464340270449924,0.144350258888235,-0.0312478604312621,-0.0947786073281506,0.0206071011174183,0.0128864258569637,-0.0906437309210779,-0.0441261203660975,-0.0772192252624426,-0.106522419878614,-0.113163315272516,0.121774604618241,-0.0757772960338163,-0.101775152797334,0.075123507092796707,-0.0589612051370912,0.0479410907584261,-0.0214134838556479,-0.147325935595865,0.098887884199941,0.0930695128839964,0.0261329348253456,0.0405208495212818,0.0350616572825406,0.00680999985830327,0.0636865952079256,0.0557881173940248,0.168663304286185,0.0625255567166609,-0.0150289666958859,-0.0519349065676915,0.0577444220115416,-0.20316819769524,0.00833177090612501,-0.136843355712545,-0.0944474483811661,0.0172283341967515,-0.186530914449456,0.00647989215522636,0.114204045752215,-0.0172440878962018,0.0526628885959527,0.15108813771187,-0.163470865770226,0.174336334082435,-0.0815981378151522,0.0268140715395904,-0.0505870761186027,0.0313317157055869,-0.0578288379235972,0.0220191124917895,-0.14591237131077,0.142922235031508,0.0878609924307722,0.154697758258668,0.0312410491405185,0.0431101644215642,0.0805907691590695,0.0155783189794047,0.0182489711872589,-0.0679912051796306,-0.0871291269687737,0.00422281798845715,0.0152922232804976,-0.00989183819955894,0.142767613815183,-0.0482559303538717,-0.14191294281648,0.0076602896156913,-0.0010585443965654,-0.0306097627915285,-0.0652280137673817,0.107649407788136,0.141414669127705,-0.0737518905913786,0.0676293266266622,0.096776803336842,-0.0690523398577172,-0.0292991741837776,0.0256948792061119,-0.0071438023440513,0.0390400298671997,-0.00516482329170789,1.93528926079366e-4,-0.114860659713193,0.021024160243505,-0.0264676375526352,0.0644322873024686,0.0122711181607842,-0.0703203283379947,-0.067956815020815,0.059678308772022,0.0621507969349624,-0.0444182199242209,-0.00334859700708654,-0.0113310811002108,0.0587152921103621,0.16835216040022,-0.171350479111121,-0.0622794619330358,0.066492410496781,-0.0273496941119293,-0.150466955877639,-0.0224672643157115,0.050653340790264,0.0147348157390986,-0.169419026287074,0.029793376879897,0.131239461322572,0.0869039748720528,-0.00120053968111502,-0.158902675537584,-0.101542684046291,-0.0477856971904053,0.192973343120016
UN_MEdarkslateblue,-0.0984144858496509,0.0492754163032106,0.108807859414179,0.0931765035279964,0.00150115843393876,-0.117484469019716,0.0613177728271605,0.0795567800493737,0.00342444409573715,0.0141349041930316,0.113206444354877,0.103294948732977,-0.100198201728767,-0.0923532035833951,-0.111832920900815,0.105376826219814,-0.0888497125868636,-0.0994996978824851,-0.0879769019909701,-0.0507109545290611,-0.0982127352906055,0.0229667304710579,-0.0925550265390842,0.111100762307909,0.104404130864015,0.109109805159371,0.0555884100529355,-0.00840225668859225,0.105932145121708,-0.0974911748665642,-0.0218243579596703,-0.0986621923458054,0.0885612884880984,0.0727157573219038,-0.117508617429368,0.0882574040863262,-0.0989740932844569,0.0718833879236028,-0.106836103253996,-0.0850611424095047,0.0806066760892597,0.0118649631009806,0.118859369013041,0.0859579591859943,0.0287934228777486,-0.126254247941688,-0.0955270503665021,0.10153184047671,0.124438113040891,-0.137956589051321,0.108408575638071,0.0537572608143956,-0.125116891008691,0.0936247552616591,-0.0671367697380962,0.113982747554587,0.0216936116452103,0.0953410175940852,0.0114630920012114,-0.00794099427316465,0.0970705570958791,-0.125617356983452,-0.115131923962037,0.0774379884223032,0.0785220748600927,-0.0651062341650952,0.0560380387760301,-0.0829283417536123,-0.0879770790387052,0.0961130257862525,-0.00293279618426028,0.0169207553853173,-0.0475795439399009,-0.036637132153131,0.110391495421283,0.108567554564355,-0.121188246950886,0.104355561938089,-0.0943362392206937,0.101105984915594,0.084244302473361607,-0.00982031777416641,-0.124420836788047,0.0935215135466152,-0.102282304319734,0.108223806896397,-0.0974420289102226,-0.11547295053087,-0.0999830501232302,0.101910021587137,-0.0962569601416666,-0.0971218806408015,0.0989361164451968,0.111877209792136,0.0662505057325414,0.0841748980938383,-0.0107499657732734,-0.069847530966802,0.0930900332730859,0.0828518793953488,-0.0842959259630746,0.114270018873079,0.0608260320065746,0.103745753443936,0.0970107855565644,0.117582735773916,-0.0925103754602945,-0.109926805646908,-0.105816013983187,-0.0626255746271139,-0.0999514987840053,0.080292310310685,-0.103057185016619,0.124792504332373,-0.106158849516629,-0.0375651074371989,-0.108915204271328,-0.102338065420355,-0.105089583776377,-0.100985405647148,-0.0880709032776661,0.0588802607262789
UN_MEmagenta,0.0107559651617242,0.0256943259072602,-0.0224424796185935,-0.0252175567949385,-0.0574665141736679,0.0855755590170263,-0.122627750720044,-0.00466713270518501,-0.0160417164470642,0.100374573852683,0.102895531911558,0.00781116992027877,-0.0638819057550707,0.0824273197721303,-0.0452168875422541,-0.0149525622054421,0.00841570169213476,-0.0165687835386309,-0.0197915491558735,-0.0216384854840308,-0.0262765253003881,-0.0213673634059628,0.0487051028326791,0.0878818842798377,-0.0304179286119909,-0.109589099852465,-0.0294776944385361,0.219758092918027,-0.0856130437553807,-0.0827490797730591,-0.122939693624455,-0.0523486702517467,0.0921521786058041,-0.0174771635019471,0.0183999433490329,0.165312665964976,-0.0383626345645872,-0.0104564082756682,-0.0516167378820317,-0.172837739474205,-0.0221427302765732,-0.034034387204175,0.0202077858463226,-0.0347230253933254,-0.167847724002079,0.0502197566790905,-0.00138840301343065,0.0387930364978366,0.127027087923354,0.070733264876268,-0.0547319842080905,-0.0913281050661746,0.0773240150882338,0.151167397103854,-0.0947776561326183,0.141952269584186,-0.11017903804815,-0.0741592365071364,-0.198269892827971,0.180778736136772,0.0803032926501955,0.106216485469248,0.0340230254954072,-0.0194194187355274,-0.00619293417578248,0.0800642105916479,0.0328492390549468,0.0103679777356624,0.0520478088476558,0.133660588987846,-0.110949846020843,-0.0967424443705137,0.0356373703008289,-0.0601694801252625,-0.00480944745522049,-0.0695680956196087,-0.0637535647144173,0.12928944865216,0.00283753730134166,-0.0520207148024184,0.139375827245868,-0.121595637313096,-0.117715098161131,-0.0845755312315544,0.0750136826833356,-0.0151768788506995,-0.0358840208540878,-0.195782645661859,-0.0103825701481242,-0.0755563563968413,0.0165899441238056,0.0395214386137131,-7.47861599900908e-6,0.0150972363673763,-0.0362766635569947,-0.0262853465332017,-0.185901365046607,0.0162307362355909,-0.069510351521806,0.112926181839983,-0.102805202144409,0.0210119805774392,-0.015694580472746,0.0285480379501968,0.282200947502947,0.0636469512435742,-0.0223723112630338,0.126626554615831,0.0260344755411379,-0.0870350262635123,0.185506775842745,-0.150382436652404,0.16822753441559,-0.0861125279191401,0.0267587559240567,0.154758144968877,-0.0720625767669991,0.128798186197768,-0.129859165696416,0.059654607337848,-0.0055316977536211,-0.0024316448588707
UN_MElightcyan1,-0.106225865267672,0.0716780645268548,0.0825244890883672,-0.131736271056614,0.078903350667656,0.0693247315824682,-0.125997384875503,-0.114466619343731,-0.120478248646051,-0.121274875614595,-0.11061917977064,-0.111392937434889,0.0883401460228535,0.0773596387299023,0.0792575114009489,0.0731325363403413,0.0897129304421511,0.0863093547681837,0.10548546459987,0.0837588447568804,0.0735051861664581,-0.0254265061746443,-0.11307691659506,-0.116862707099617,-0.0394610666783274,0.0905636142230741,-0.131097722659438,0.0881528766762792,-0.116334414644655,-0.112556979578762,0.0810799385365547,0.0846640556123434,-0.125287899566902,-0.0357107670781404,0.0857904604058587,0.0758896962353206,0.0621920939672873,0.0766978707023498,0.0232643764680403,-0.119333591341234,0.0672335245772083,-0.128227711118607,0.0943693380496318,-0.123694858585112,-0.0709633413377868,0.0657520896624128,0.0836685168424874,-0.116038623336901,0.0562727633710315,0.0482696942467148,-0.0987067994773118,0.054243305582287,-0.0957150718235221,0.0866924669382752,-0.0189095441280398,0.0824960019576812,-0.0353285519648604,-0.117005754829234,-0.0924071369439334,0.0849359374754754,-0.119750294006425,0.0782296319973682,-0.143816186103834,0.0693039277010198,-0.112179996945668,0.0722589258054661,-0.125700661060097,-0.112452724029077,-0.113222234101711,-0.105563315902045,-0.100603382217944,-0.0809497932426089,0.0768139423812619,0.0787777709130048,-0.120275000372834,-0.10444190874859,0.0762000721723215,0.0771111911869569,-0.127617379209627,-0.112866498906364,0.0723896377734302,0.0804146785766917,-0.0217899934140991,-0.128549357390772,-0.0545782086356742,-0.103870804764799,0.0707262632265487,0.085043311061522,0.0892965757716083,-0.131853792449092,0.0862331957844561,0.0791052649777615,0.066717318121647,-0.113892923857292,0.034096923279236,-0.111535909205947,0.0729115593551065,0.0859264633400108,0.0796792514401331,0.0697735751699636,-0.0042933950893368,0.0950576257619929,-0.0610321921388981,0.0584839090453971,0.0901095602549476,0.0883475091173329,0.0672930370091467,0.0740579095650628,0.0697066099117921,0.0923567798141566,0.0896142309018984,-0.0294064480847463,0.0965611765839164,-0.118789113787357,0.0741057602864891,-0.112800327117457,0.0727599808682222,0.0729171619983575,0.0821784726887851,0.0797057656215308,0.085941456799852,0.00444189086643357
UN_MEyellowgreen,-0.0555557664433373,0.0744999018096257,-0.0410256836391831,-0.119372785126902,0.0976081680654218,0.104079533237528,-0.124273805374667,-0.116143088079836,-0.11290895246404101,-0.0130797853030219,0.00237296849678132,-0.110828971110245,0.10045904724882,0.0888824844027079,0.0988470635382563,0.0627665374892314,0.087453468867428,0.100000904404855,0.104174675897693,0.0984213831194879,0.0899164416908789,-0.0794346562379726,0.0559405144686685,-0.0348866687093836,-0.116804465127489,0.0622162457895005,-0.103190306742444,0.0918688104359272,-0.126176910364884,-0.0865213686301473,0.0986862265035539,0.0953235932193173,-0.125049956506666,-0.0620793871162682,0.107546686905966,0.0478199736656323,0.104740345511877,0.063559008488811,0.0995983149516934,-0.078233893984196,0.076064677862542,0.0149341988075789,-0.119951722986804,-0.139142210310239,-0.0411820766300719,0.0944701695030848,0.0983087855934621,-0.123272491791752,-0.109124963404243,0.0940120619899809,-0.122980529739482,-0.0259218577323524,0.101478897930907,-0.0228153724441236,-0.048552348353637,-0.0434844524391398,-0.105752568237374,-0.126468675591069,-0.0447314632968752,0.102275014174631,-0.104756454104097,0.106921298868271,0.0923142201856076,0.0424884360188467,-0.096947082672168,0.103159750611102,-0.0933074007503303,0.0390593682941015,0.0302375681124077,-0.119069318021495,-0.0538056977836088,-0.0455216500172785,0.104138580808489,0.0974042363794222,-0.112183307513489,-0.126701279477071,0.0925866683669427,-0.00180687219031952,-0.0613147311323988,-0.105974776733521,-0.113772087948179,0.0384394243838741,-0.0577684396786839,-0.138543653764257,0.033206679211259,-0.114826754405166,0.0918224532583627,0.0939029452960748,0.100583942210579,-0.114469211601549,0.102635348398771,0.0891262746083161,-0.103046757746103,-0.136735431483532,-0.122185612719501,-0.0415279838146601,0.085989997125368,0.0932872423808973,-0.11185197179278,0.00781027087254688,0.0907532028683253,-0.0787790267506233,0.0297547275140389,-0.114490377731993,0.0290947778724583,0.046203918774195,0.0970674957652216,0.113263567348752,0.0949142930262671,-0.077265299142615,0.0829076650914999,-0.104476632389654,0.0949855365120297,-0.115174697297779,0.0847638374654481,0.0455908176746921,-0.0115248982204811,0.0986340147430306,0.0824313386447771,0.089710640097893,0.105054365893572,-0.0917964179541056
UN_MElightgreen,0.180518573661803,-0.0160026307912261,0.100994109457146,-0.118118406605812,0.10174250491685,0.0745121056311141,-0.117302385875018,-0.10409019703186,-0.109737928159183,0.109184623593901,-0.0560546815499785,-0.0840208256352594,-0.0494690385352455,-0.117490629791544,0.10026363698336,0.0961183622495504,0.0893596423404974,0.0952220705912111,-0.148071152707106,-0.00113024608113911,0.0328974959582471,0.0913870806381764,0.0997217077472587,0.0777329273622828,0.0954462058979939,0.085540697830012,0.0930321893971633,0.0581167784910605,-0.0901569906475259,0.0964576364755745,-0.119997174116313,0.0864097475120527,0.0864216476325178,0.00768973753057034,-0.00450624870256409,0.0963601337863423,-0.110754367935062,-0.0892759250338542,0.0386506803367269,0.0817886417925276,0.117787899142789,0.0854059725551798,0.0830264614618066,-0.119127981892406,-0.112281436504855,0.10303828419159,-0.0874836997504404,-0.103867423253221,0.090492240823982,-0.0831329916534812,0.0207247104698442,-0.080880538237747407,0.0913921119907014,-0.104280770235502,0.0871743144979756,-0.11813486796684,0.0961246311581431,0.0826379434964874,-0.0449111961110672,0.0828343773216479,0.0880175298500548,-0.102484605767841,-0.116487613964053,-0.109349916644634,-0.0944447222526224,0.0290829392865219,-0.0973725854996447,-0.138021401572289,0.0562481519877799,-0.0944447153950452,0.074388439468208,0.0697111261625567,0.039513058852538,0.0999820838202218,0.0979569141743224,0.0768750615170405,-0.0959875720653081,-0.0973517439100923,0.102391644891362,0.0614990179129037,-0.0246099572900453,0.101120721362683,-0.0316827815292966,-0.113019156454571,-0.113047947343881,0.0998763627387997,0.0677635357454427,-0.105686427693416,-0.107659480925837,-0.0346716485204213,-0.0999259998944874,0.0985731722490124,-0.0335015465599739,-0.110865881722543,-0.054303014973192,0.011320713557788799,0.111281413782148,0.078870547713681,-0.0772727034825706,-0.118864722824652,0.085579117727313,0.0982907576178195,-0.0485387042570276,0.0890280116485942,-0.0971637623836887,-0.0529274035708157,0.10819241364075,0.0891018657575729,0.0589292968116677,0.0838860872257367,-0.114189650379921,-0.0349954885255068,-0.106621634513604,0.092737041257419,-0.0466936612506949,-0.101242081824773,-0.0124396382701598,-0.116760689582243,0.0889629050837639,-0.125712792445879,-0.0454912802567623,-0.111275148416046
UN_MEblue,0.00973140161103753,-0.132115125042052,0.155593102123021,-0.0916596053711017,0.130094057428732,-0.016239277764363,-0.137199154750494,0.0145673434189001,-0.136745349402369,-0.0289859677481052,0.0380836095176009,0.0283120530280305,0.00187885844719682,0.0839363411953729,0.078658710286348,0.102017772785885,0.0736471422278102,0.0960746250733482,-0.137162976415363,0.104015675698836,0.056810455322872,-0.0640611181324192,0.0365630484505748,-0.0376348255208543,0.0730119629760953,0.109619145336662,-0.0761898799342497,-0.112188330769501,0.0375799669759688,0.0105791896298253,-0.0191570591975498,0.0254304424993188,-0.0218463835937441,-0.0145558377652357,-0.204731246501935,-0.0173898508659591,0.011689068955331,0.0987329955373428,-0.040598230136104,0.149335475871134,-0.0372951568189635,0.0899919024924792,0.0710009502524801,-0.0175251948676985,0.12040493695571,0.00764152612097599,-0.106159256797822,0.0622943228648953,-0.0206772599049816,-0.174979373632574,0.162439030402026,-0.221242355540142,-0.0310250949267786,-0.0404389019799672,0.0275422767919447,-0.088828578049806,0.0382547369133365,0.0243546496101066,0.136739198344487,-0.155634910693373,-0.0646719360825226,-0.16780544632379,-0.0159741424683038,-0.0500353189971449,-0.052211487285779803,-0.0756784523676235,0.0359417080045144,0.0647882332908852,0.0868884694578758,0.0498178851877308,0.0360332561471886,0.0560314535847501,-0.175519973349411,0.0391880602157974,0.114121644289398,0.00757406975007119,0.0483510915799482,0.0244842796354973,0.0637491280494982,-0.0542870336779797,-0.196453361148618,0.0532727211947737,-0.0366157721537643,-0.126564858618316,0.0127369206510033,0.0514267564375818,0.046277966143939,0.0396455637295778,-0.0165722136417331,0.0499190102761854,0.0336721139586196,0.0954358680587081,-0.0739755232830801,0.0403742649027685,-0.0597306896452756,0.01393890902533,0.0667266648830997,0.0904343184005694,-0.0123485162523177,-0.0530844410537397,0.0519709703877365,0.0457501665142872,0.0104519308839812,-0.0768821402112461,-0.279779225180395,0.115110861847148,0.0888197743312921,-0.0369345223096043,-0.0016838341660851,0.121682464592423,0.0316397011720316,-0.025800452790852,-0.0641064426021018,0.148280355776557,0.0610543903442794,-0.107220414467376,-0.086077588569209,-0.0431445731848466,0.115538298299683,0.0911390497863689,0.0253997323752901,-0.258869366357452
UN_MEsteelblue,0.111931450450669,-0.0756927037966903,-0.0682319803289513,0.118414400143366,-0.0937120248147695,-0.102368595360741,0.112013247609194,0.117597616307326,0.119390722352743,0.0849365584265522,0.0917208868515879,0.11421172913907,-0.0871183895344663,-0.0874630283656082,-0.0849771457246899,-0.0984932012062969,-0.0917287651080635,-0.0823750945776516,-0.105286130776806,-0.0937907549779245,-0.0721230858648092,0.0844811165795019,0.0944449877438259,0.0328176331220357,0.0953867381498846,-0.0816768261023,0.120168093923786,-0.0958418636227415,0.122619047592647,0.120177963279486,-0.0791310002442693,-0.0838987720130714,0.114138392610216,-0.0117205812300361,-0.0834549833080851,-0.0908115049141456,-0.102667357668939,-0.0886192356850143,-0.0644399018377823,0.11814517679699,-0.100002861504926,0.0160263192334493,0.0239865351650659,0.105019212758086,0.0681574532152781,-0.0942363039074664,-0.0868763612582264,0.120689447665911,0.0689451670883738,-0.0836075713297619,0.128447962883552,0.0572602886046536,-0.0256936595128161,-0.0897876077409073,0.0479540087926551,-0.0812840612278123,0.0873264619719259,0.121344923999359,0.107040169918456,-0.100551749990169,0.10318305870308,-0.0980438845593816,0.0183675664705841,-0.0926959883802393,0.124438343671973,-0.0935006534294159,0.103650472409963,0.0849254882374207,0.0959275924656975,0.122725754196336,0.017009401063153,0.0267337872645577,-0.0908285124566946,-0.092694015072948,0.127547127589754,0.121179899751326,-0.0909094298508589,-0.0886424032545441,0.124847814292178,0.122397026494183,0.0340857349814141,-0.00389214992690718,0.0779194640952909,0.124793720740109,0.0788103915286705,0.122496934940638,-0.0871559693264086,-0.0821463548719713,-0.0902932631242315,0.117964622274041,-0.0837358362810768,-0.0940144966019084,0.0270174315881449,0.12727183335199,0.0660354397165496,0.0337825495277199,-0.0925685169208847,-0.0790739081345257,0.0155378457535454,-0.0882377304772596,-0.0561353764416015,-0.0418197565536044,0.0235475987236333,0.0401379544793406,-0.0895813796681775,-0.0929872752398131,-0.0875534687499321,-0.110989165668868,-0.0878613805681063,0.0169940850732016,-0.102276166519312,0.0888448417480908,-0.0933421183264459,0.125468374286852,-0.0717893354960882,0.0907792100063868,-0.0533417231743285,-0.105260536053376,-0.0827177357072535,-0.0910491065820124,-0.106084483376523,0.079670146529165
UN_MEcyan,-0.0119542748818697,0.0234649267180393,0.0827253990039076,-0.0654442660245803,0.0351187739916489,-0.118442804994551,-0.0837250187260679,0.0546938866954534,-0.0534563930599654,-0.124373722886692,0.0344206376453164,0.0917205842065087,0.0131022826079384,0.0958374716332498,-0.0413515666176991,0.0345500728605535,0.123562241744394,0.0460928333251973,0.024831649250841,0.0232088584906034,-0.0613143083480052,0.0375823371721822,-0.0151329549737793,0.141808950916238,0.0991728701305092,0.13056438350546,-0.127004885921424,0.0546557284193952,0.126204131447079,-0.0645358079773042,-0.0313334549186322,0.0398514896057233,0.0260510430483642,-0.0064068667679221,0.0110226375853737,-0.0340744510007652,-0.111502633349875,0.0323597546553013,-0.0044495060946252,0.127548897272999,-0.15651358208646,-0.0241013255933723,0.0649616815278233,0.0834858429620464,0.169799708898513,-0.148749815713583,0.0339171726526926,0.0338951978467469,0.0526365146881003,-0.235714585393103,0.161802910947356,-0.161395002633979,-0.202609652550435,0.0317815870693894,-0.10866651358904,0.126148833174594,0.0291014767465551,0.0268797904122651,0.103078295007763,-0.00428739960061592,0.0439148090177916,-0.0445682922816026,-0.126508359129461,-0.127555054703088,-0.0751511886657651,-0.117676334919831,-0.213752306804865,0.230823719646274,0.0460616769156796,0.0224086495521008,0.0339571550579059,0.102903551671148,-0.0176486539835764,-0.0400058039887865,0.0656855261860576,0.140779000740666,-0.0704902256639433,-0.0410057302396787,-0.00174432159879446,-0.00813616944721912,0.0374465034267491,0.0362754590151003,-0.0733410161909867,0.0747638704554514,-0.00977100799062967,0.0489390823714628,-0.0664064652615531,-8.34736471734283e-4,0.0023206203396968,-0.0188715336904794,-0.0134402235657834,-0.0515355349263026,0.00392573173935881,0.134438221567969,-0.0511446708145464,0.0491875653404956,-0.0811332498309821,0.139686983417592,0.0287232936641177,-0.125206549233869,0.00926313657207141,0.0854111528710576,-4.91346182481668e-4,0.00257012419662455,0.126334007607195,0.0544411565853587,-0.0996267647072183,-0.164037376180266,-0.136136195426117,0.204673599551277,0.0253368319575051,-0.0191916822558778,-0.0381712857639929,0.128943969521194,-0.0802585521481875,-0.0458599975238946,-0.202658923823297,-0.0305521383383058,0.0259991255057192,-0.0155340924484958,-0.0281330395274481,-0.0997357609263369
UN_MEmidnightblue,0.121505671617159,-0.010462724762071,-0.00559798686485571,-0.125114114314119,-0.0273936357127579,-0.0191953157898305,-0.0144127568899911,-0.0415231660662449,-0.0580100989217612,-0.0903539594462711,-0.0504523922683759,0.0785009161339336,-0.033275645952086,0.147919708070484,0.0425849756571176,0.011783789406033,0.130994505915978,0.0833246528666559,-0.0360452529208727,0.0322746949160661,-0.112253470863406,-0.0642132193055878,-0.00236896466476869,-0.0650332866930963,0.108376838725637,-0.0461736686077139,-0.0881407266756006,-0.0157499368782133,0.223706902379459,0.0231875747098481,-0.109143938190195,0.0669008771703497,0.0747807032256165,0.119706562658492,-0.137259895638067,0.0105897959548929,-0.0776822483228108,-0.103661246221287,0.115567896368625,0.185327090347597,-0.120200145698294,0.0253554078419794,0.0880153614266422,0.0356909165226783,0.00881860527375791,-0.00581419884745482,-0.0382696404414922,0.0294568466919161,0.0304064406564401,-0.0804333904398281,0.150408102186215,-0.075190947964548,-0.0616787758496838,-0.13488145618034,0.00210948995543706,0.00562420843007561,0.0552272371626142,0.102836271519422,0.209302450585997,-0.186241481764203,-0.0679200028076481,-0.135519057000122,-0.0347981585245561,-0.0516423097146235,-0.0903464855785417,-0.0703368510558722,-0.0507336695506644,0.132760668661062,-0.050317917250575,0.0089865318118215309,0.211008133424969,0.174460682313519,-0.044486720606435,-0.0700634693307238,-0.029793022085941,0.0874916849031284,-0.0261420214941881,-0.114354657331209,0.0847013788695576,-0.0734466995658187,-0.0712545201226971,0.0698290788342301,0.0386390556938152,0.110746405979321,0.0452654767934863,0.0388730370088751,-0.101756813328956,0.194298175290459,-0.0157102995249183,0.0150260884287951,-0.0493904786967024,-0.00632477096413211,-0.0369487305907733,-0.0263746476119355,0.0252888028529762,-0.0557700962416604,-0.0981903371456681,0.143525663511302,-0.0128738418350283,-0.0942463637004324,0.123542111025942,0.114667547945286,0.0669985636078824,-0.0147567325090359,-0.164013764756191,-0.0184028062732503,0.00497343402863262,-0.0915875745489371,-0.0027521871961096,0.191632060839713,-0.0896065144848288,-0.0766807562338492,-0.0397952686922917,0.0839165741933143,0.0066230875847082,-0.160833545435516,-0.121354328855454,-0.0601154261304124,0.161701085033233,-0.0154780450329612,-0.0443603961617173,-0.0405328458869419
UN_MEpurple,0.0498908174634686,0.00563117039389871,-0.213707892487128,0.0637989817522752,-0.0437159978416369,0.103327498423366,0.1561033820088,-0.140976048860052,0.0677271680120673,0.0395770886222046,-0.161102628569729,-0.0920699454652915,0.0167779314482423,-0.0428648075569231,0.0564726256026525,-0.0919600665080663,-0.135117937469808,0.0211184388008276,0.0986617038415891,0.0207191984560417,0.0599465273520387,-0.00809372260886522,0.00788709589096235,-0.109695998304145,-0.0717429253491364,-0.133929641443189,0.0514229172941531,-0.0842717843938726,-0.0559622986968903,0.0594576499738723,0.0929984121425051,0.027783821173172,-0.0789857688905473,0.0990688717769901,0.0346248465252494,-0.103034675268943,0.117889934019003,-0.028143396736929,0.131247134253977,-0.1402447739917,0.00199260515767453,0.0238314080886594,-0.120499327760108,0.00566947593437981,-0.123428503218242,0.0725604365683408,0.0782329991793388,-0.0420339754098131,-0.219065990685927,0.185257860201479,-0.136261559465743,0.190763693957812,0.138935837519648,-0.0849646777786373,0.0429994790790025,-0.171540792825453,0.00925789400690485,0.0291803540319367,-0.0490325963631688,-0.0439428981144481,-0.102933749622008,0.0507369120148352,0.125580135999884,0.12469131243237,0.0325039120574361,0.158000904447742,-0.0108947922895289,-0.0203487751477838,-0.0658313546366799,-0.153851275836261,0.0345896692040243,-0.0336258316604699,0.0299391537020928,6.54761347331807e-4,-0.198701637546123,-0.0460802878918078,0.052264284272133,-0.0426439588675648,0.0467553423136821,0.0125873646196875,-0.0256876107675028,0.0725915145035251,0.0777197616106779,0.144106970461269,0.00764674080354756,-0.0751947630222418,0.0492650917412074,0.0688956569485282,0.0729219612295025,0.00810833142498857,-0.025695584186325,0.00643723227603772,0.0182199222748556,-0.0522009905341625,0.126433428283478,-0.00386578592284292,0.0986513017717748,-0.157792116561759,0.0205418018853472,0.0350550242799968,0.0608881169907041,-0.0784592444083911,0.0617810568950431,0.00584537689078469,-0.167344416592062,-0.0690571577466481,0.0770865506335749,0.0340549334482244,0.0975496701718123,-0.0869085101854086,-0.114310107109631,0.0455587724895233,-0.058773820462886,-0.114761332075225,-0.012640606242781,-0.0459460769267859,0.133497276535539,0.0367327938406701,0.0653252664111211,0.0256716660677343,0.03092532937401,0.179309857700041
UN_MEyellow,0.0728188728179182,-0.132424459467335,-0.185462779052718,0.0786514764301003,0.0744498531021225,0.133240491567838,0.111876812753642,-0.109067729134916,-0.0153320947074783,0.144191588134813,-0.0659060362609011,-0.123270445173855,0.0495343138124968,-0.0619252854796066,0.0437712733555437,-0.064101833067792,-0.0412974441266971,0.0383271894851729,0.0913956306221961,0.0417339141921148,0.0968574895155861,0.0164098814481247,0.0329089264156059,-0.103387679307751,-0.0846641165172474,-0.0619433823457941,0.100465196659937,-0.147075414523488,-0.0527975797467901,0.0699261312066074,0.139789989555927,0.0153013614897504,-0.0897225569136173,-0.0445232764181177,0.00285327007745845,-0.0885450212157945,0.160081344287883,0.00269036863390407,0.0370436438693883,-0.128631450731194,0.153996926991203,0.0416189502382794,-0.0710928795569529,0.0497585906329,-0.00862684883790208,0.0506696167265721,0.0107767751568612,-0.0228193948066597,-0.191724456458529,-0.0405915156469537,-0.0520212991691402,0.0247583380769814,0.217848112186445,-0.0491248984724059,0.0849646537599085,-0.207655031195119,0.0726556471158081,0.0527343765147334,0.0460865083333856,-0.045402305324194,-0.175001337083072,-0.0309963438162148,0.0318075599449608,0.14357582731864,-0.00710930503034956,0.20076411405741,-0.121523391998907,-0.0651433861214693,-0.0741971596196681,-0.103898946874696,-0.0046864710252376,-0.0244036487918556,-0.0561635417868799,0.0624773582298125,-0.150128713208615,-0.060011679816252,0.0543942045660977,0.0131345373882522,0.0284852732999957,-0.0303616334423597,-0.166660741735865,0.153711786291928,0.0153252973790314,0.0461050676941593,0.145931691653876,-0.0702778159408032,-0.00744387389842414,0.0363910601536672,0.0409470922710623,0.0208024385636974,-0.146392815882816,0.00512991692322192,0.0086697321154308,0.0137131844411738,-0.0214534764402517,0.0477311060323087,0.145222372363728,-0.144979054176256,-0.0472047732176518,0.0221802563108465,0.0548218860800715,-0.0799183668937644,0.0591393002023415,-0.0249197506351247,-0.182630704366716,0.0448706298827614,0.0813666840272681,0.0568531100280175,0.105481592193467,-0.0324959613158734,-0.191915026168231,0.0983509430460149,-0.0725686048032242,-0.0279145352729363,-0.0250866322764707,-0.0378372897656821,0.10222762155531,0.0875195788965328,0.0724432298911827,0.0409893182886731,0.0896102025465264,-0.0178992937400585
